NEW GESTURE,,
0.201669,0.964096,0.172765
-0.978643,0.205518,-0.004501
-0.039845,-0.168168,0.984953
0.0,0.0,0.0
-0.02533,-0.006554,0.023926
-0.040985,-0.008247,0.075684
-0.062561,-0.010132,0.085648
-0.124725,0.005711,0.11058
-0.184113,0.006771,0.156311
-0.25589,0.02309,0.218628
-0.335999,0.062298,0.309952
-0.411072,0.103687,0.377853
-0.508942,0.174164,0.475281
-0.64212,0.291992,0.598526
-0.815948,0.435448,0.759598
-1.007233,0.616299,0.941895
-1.216278,0.810478,1.117615
-1.476135,1.04364,1.338959
-1.792023,1.324989,1.591644
-2.089386,1.597382,1.821671
-2.433777,1.939487,2.077721
-2.779327,2.306702,2.340485
-3.090118,2.663029,2.573517
-3.432953,3.085995,2.824234
-3.783905,3.55283,3.058487
-4.152527,4.137016,3.297089
-4.485016,4.692997,3.496155
-4.807343,5.356693,3.678406
-5.12323,6.134201,3.87886
-5.378357,6.83633,4.014786
-5.634003,7.658936,4.145279
-5.828522,8.492897,4.240952
-5.973541,9.250652,4.289047
-6.082703,10.165752,4.306648
-6.148041,11.094116,4.311966
-6.176758,12.067665,4.268898
-6.1716,13.033783,4.224854
-6.119354,14.036869,4.173599
-6.040771,15.094875,4.115433
-5.913513,16.13139,4.053223
-5.761566,17.112911,3.988159
-5.565186,18.220284,3.921844
-5.335236,19.278133,3.855453
-5.077332,20.249653,3.808075
-4.81427,21.238041,3.773483
-4.498932,22.212494,3.725479
-4.113678,23.332417,3.667831
-3.781616,24.193932,3.634491
-3.373291,25.146175,3.634476
-2.87796,26.233627,3.657959
-2.489563,27.015244,3.736481
-1.957947,27.837967,3.901123
-1.439056,28.581688,4.075943
-0.824768,29.391357,4.331696
-0.233124,30.026222,4.598175
0.287476,30.520531,4.828308
0.906677,31.008026,5.094772
1.565521,31.471769,5.404907
2.270599,31.878296,5.744186
3.007263,32.241333,6.083115
3.715973,32.539162,6.408463
4.478882,32.792923,6.757721
5.259613,32.977943,7.104691
6.060944,33.134071,7.483292
6.990601,33.218971,7.927307
7.705048,33.235481,8.292755
8.525757,33.156357,8.715645
9.441803,33.011734,9.191086
10.198517,32.823593,9.598343
11.037506,32.547348,10.045166
11.778381,32.22271,10.442291
12.590973,31.790588,10.889175
13.506927,31.210503,11.400909
14.18045,30.663422,11.82402
14.775116,30.123314,12.26326
15.389923,29.423279,12.743744
15.973907,28.625748,13.249069
16.542206,27.706947,13.799881
17.058502,26.768101,14.310471
17.515839,25.81488,14.809219
17.913605,24.835373,15.287338
18.253021,23.816502,15.773804
18.525482,22.828709,16.21579
18.765717,21.757591,16.667343
18.940765,20.691277,17.086899
19.083221,19.546936,17.524887
19.169403,18.397461,17.961716
19.18277,17.343571,18.34613
19.140594,16.193104,18.757584
19.061371,15.066685,19.174652
18.962921,14.055824,19.535767
18.791107,12.933743,19.923172
18.591034,11.922764,20.270309
18.359955,10.898651,20.605331
18.077362,9.861446,20.931061
17.753265,8.869457,21.234161
17.362274,7.833229,21.544754
16.910736,6.879353,21.809372
16.468475,5.963421,22.049927
15.922333,4.98885,22.335968
15.349335,4.10434,22.59465
14.761688,3.29081,22.827301
14.145844,2.437965,23.103439
13.425018,1.660275,23.344208
12.645111,0.919556,23.587173
11.916687,0.313663,23.786728
11.007111,-0.334145,23.992043
10.092804,-0.887466,24.185684
9.155121,-1.393856,24.348953
8.402313,-1.759674,24.468285
7.534332,-2.111305,24.593414
6.60437,-2.440334,24.725571
5.612396,-2.713181,24.842392
4.753479,-2.866482,24.937744
3.823425,-2.943897,25.033859
3.002319,-2.959908,25.117493
2.138794,-2.881287,25.213348
1.402924,-2.778507,25.284698
0.67572,-2.600838,25.371506
-0.063934,-2.369835,25.477676
-0.733337,-2.113159,25.605728
-1.482758,-1.792408,25.731522
-2.111908,-1.429935,25.845169
-2.754547,-1.020969,25.952576
-3.383728,-0.5569,26.050461
-3.884003,-0.096237,26.119553
-4.405273,0.443237,26.199112
-4.866669,1.039314,26.270386
-5.248718,1.606194,26.327042
-5.645599,2.253784,26.40274
-6.008759,2.910782,26.476448
-6.359863,3.582237,26.537933
-6.727356,4.359795,26.626617
-6.985596,4.987335,26.673279
-7.248169,5.753944,26.729309
-7.495178,6.579613,26.773087
-7.637543,7.365108,26.804794
-7.774811,8.179115,26.843628
-7.896759,9.133987,26.881943
-7.961517,10.026287,26.93689
-7.998108,10.830559,26.985519
-7.947418,11.751461,27.041183
-7.879608,12.746738,27.092758
-7.740051,13.648285,27.121094
-7.548706,14.722206,27.149994
-7.244598,15.773476,27.191315
-6.972931,16.699242,27.236176
-6.60321,17.774704,27.322296
-6.130127,19.029331,27.436249
-5.79425,19.887016,27.517715
-5.338226,20.941807,27.625122
-4.788574,22.115921,27.760498
-4.329895,23.081554,27.891052
-3.753815,24.221264,28.051117
-3.163483,25.305725,28.23526
-2.540802,26.395573,28.450714
-1.947083,27.362864,28.65329
-1.351044,28.336464,28.866455
-0.679657,29.313728,29.106033
-0.075623,30.175766,29.338425
0.576752,31.02552,29.590164
1.196899,31.825829,29.855331
1.855804,32.617348,30.151871
2.561462,33.396217,30.478714
3.240295,34.096184,30.823303
3.960449,34.75782,31.186874
4.625458,35.33168,31.530014
5.347809,35.881355,31.911118
6.017944,36.344841,32.28302
6.80011,36.791832,32.71524
7.474579,37.145164,33.131439
8.17807,37.459221,33.552963
8.928589,37.704033,33.985825
9.63266,37.864662,34.436478
10.373718,38.002197,34.893646
11.116425,38.081482,35.364426
11.838562,38.043091,35.829834
12.470062,37.959145,36.22963
13.064423,37.830437,36.623184
13.670441,37.661896,37.029587
14.303925,37.401001,37.454269
14.895782,37.113396,37.850037
15.463593,36.78154,38.269104
16.012787,36.34375,38.664436
16.54483,35.87764,39.063736
17.051361,35.377228,39.445557
17.548004,34.823769,39.823471
18.030121,34.194794,40.208344
18.463043,33.580421,40.578644
18.914459,32.806313,40.995178
19.245514,32.139351,41.357651
19.613739,31.296768,41.768692
19.885101,30.546738,42.104843
20.099152,29.857216,42.403397
20.282745,29.082527,42.696793
20.456635,28.191391,43.018188
20.602875,27.28717,43.336777
20.70694,26.385891,43.629227
20.747833,25.493526,43.881622
20.783966,24.599836,44.162491
20.788422,23.660969,44.428436
20.747345,22.7131,44.676071
20.689178,21.815075,44.909973
20.591949,20.911552,45.132507
20.459259,19.9468,45.359222
20.28244,19.015839,45.580566
20.078888,18.049942,45.792694
19.878632,17.225063,45.964615
19.61142,16.266991,46.157135
19.349823,15.451885,46.318817
19.046783,14.575241,46.489166
18.687469,13.666374,46.658005
18.358124,12.899971,46.799973
17.980072,12.10672,46.945053
17.576202,11.345543,47.082703
17.126923,10.568142,47.210342
16.641937,9.874886,47.297729
16.144684,9.147896,47.374908
15.576385,8.447933,47.437561
15.013885,7.781376,47.489075
14.378326,7.124199,47.501808
13.688995,6.483608,47.485855
12.938934,5.83017,47.444534
12.173737,5.2472,47.379349
11.330383,4.670071,47.264511
10.396759,4.090954,47.112946
9.63382,3.641216,46.93399
8.767059,3.227974,46.72583
7.917023,2.845238,46.512787
7.010773,2.502216,46.243469
6.218353,2.260841,46.00705
5.342773,2.049458,45.724228
4.442749,1.894337,45.429565
3.545288,1.784256,45.097626
2.742798,1.717571,44.782181
1.854614,1.679932,44.402084
1.14212,1.711075,44.093735
0.366272,1.810574,43.745605
-0.349945,1.962498,43.41655
-1.033295,2.146996,43.084946
-1.689697,2.396492,42.771255
-2.330261,2.678024,42.471176
-2.918945,3.011814,42.184052
-3.456757,3.380512,41.912964
-3.974182,3.800468,41.66391
-4.465546,4.351906,41.390076
-4.819366,4.782784,41.194092
-5.199585,5.365303,40.981812
-5.515015,5.91954,40.81308
-5.836792,6.522415,40.646515
-6.093475,7.193901,40.51651
-6.30777,7.825684,40.401184
-6.485931,8.519878,40.306702
-6.620789,9.294319,40.247787
-6.694519,10.009827,40.218048
-6.76767,10.858803,40.194595
-6.764099,11.702183,40.230759
-6.762329,12.416267,40.26355
-6.679901,13.268768,40.33255
-6.556488,14.120018,40.419449
-6.415497,15.013054,40.534714
-6.214325,15.898026,40.684937
-5.986694,16.788719,40.875732
-5.727417,17.698948,41.09996
-5.439758,18.655407,41.352112
-5.131012,19.573395,41.643837
-4.786835,20.553772,41.977715
-4.454193,21.468533,42.320831
-4.09021,22.389938,42.703232
-3.711945,23.261478,43.091843
-3.350708,24.181412,43.490082
-2.899414,25.05769,43.940308
-2.464081,25.908899,44.40509
-1.968994,26.729607,44.926727
-1.486969,27.56002,45.49321
-0.98941,28.352455,46.055679
-0.496826,29.074081,46.628807
0.036224,29.815231,47.268951
0.589752,30.488258,47.908447
1.102631,31.081886,48.488663
1.640778,31.66424,49.108383
2.201263,32.196442,49.739426
2.82132,32.716156,50.419205
3.405243,33.158096,51.057114
3.971649,33.555557,51.688126
4.572418,33.901215,52.330521
5.176422,34.202057,53.010086
5.717072,34.439651,53.590485
6.301147,34.61068,54.181686
6.856018,34.73027,54.763321
7.435211,34.777786,55.344406
8.02597,34.78569,55.908783
8.617188,34.738037,56.490372
9.122498,34.677895,56.974533
9.647766,34.526192,57.459335
10.145935,34.337799,57.934616
10.674652,34.064087,58.399918
11.200439,33.766129,58.852539
11.686005,33.416908,59.276047
12.200958,33.013962,59.721283
12.6763,32.602188,60.115112
13.145538,32.128769,60.556686
13.57785,31.635788,60.954056
14.015228,31.086906,61.364273
14.408173,30.55575,61.762527
14.791595,29.948082,62.149872
15.114471,29.408594,62.490631
15.419098,28.836212,62.822327
15.681427,28.275002,63.129974
15.917877,27.701904,63.433792
16.136261,27.12574,63.734497
16.293793,26.593674,63.980774
16.416229,26.082577,64.207291
16.556061,25.484512,64.428223
16.676361,24.84634,64.676025
16.734467,24.243141,64.90509
16.809845,23.637974,65.085587
16.879547,22.987057,65.333481
16.904877,22.384655,65.536896
16.919281,21.803379,65.720734
16.92276,21.197128,65.911194
16.868683,20.604481,66.083557
16.830475,19.98658,66.223221
16.784454,19.341862,66.38588
16.664398,18.700745,66.516922
16.553497,18.030418,66.628876
16.43985,17.426979,66.725571
16.267975,16.819237,66.797928
16.116058,16.223873,66.855209
15.924286,15.551949,66.919052
15.691315,14.953518,66.955902
15.458954,14.35231,66.986694
15.1716,13.738327,66.998795
14.854156,13.171459,67.003311
14.520355,12.594391,66.987381
14.171234,12.021301,66.96106
13.742645,11.454212,66.909103
13.342865,10.918652,66.843155
12.873505,10.293674,66.757004
12.380829,9.730782,66.631439
11.791809,9.159672,66.475632
11.082275,8.588623,66.258636
10.167938,7.916977,65.973129
9.594116,7.563152,65.793549
8.377594,6.948605,65.414597
7.041656,6.45541,64.990326
6.357208,6.251789,64.762939
5.734772,6.141758,64.559296
5056,6.054543,64.343201
4.328186,6.033203,64.131088
3.640778,6.026493,63.925385
2.906128,6.103863,63.712921
2.273499,6.193928,63.515381
1.685638,6.308411,63.323364
1.020966,6.481934,63.097107
0.438934,6.654266,62.873184
-0.17691,6.894623,62.658813
-0.714813,7.162491,62.481049
-1.232056,7.486832,62.308746
-1.759247,7.858742,62.135864
-2.191895,8.227497,61.986862
-2.642853,8.650208,61.846115
-3.019958,9.063805,61.723907
-3.353271,9.538258,61.616043
-3.701996,10.066929,61.523773
-3.967743,10.581257,61.464951
-4.21167,11.114948,61.427933
-4.405365,11.735336,61.430481
-4.557526,12.34436,61.451355
-4.659973,12.99057,61.502609
-4.732452,13.580704,61.5728
-4.747284,14.276577,61.681396
-4.691925,15.110924,61.855865
-4.607727,15.796295,62.026886
-4.489868,16.44305,62.218048
-4.368866,17.160374,62.460754
-4.154297,17.92313,62.752853
-3.942505,18.670822,63.045059
-3.68573,19.345428,63.352783
-3.410797,20.047222,63.694977
-3.069946,20.859505,64.114059
-2.77243,21.523106,64.484589
-2.424652,22.24099,64.927628
-2.03894,22.996998,65.396133
-1.670929,23.667072,65.851669
-1.251648,24.386871,66.36676
-0.834198,25.06411,66.885391
-0.41037,25.742088,67.422333
0.049011,26.41468,67.982788
0.512482,27.074265,68.549408
0.977448,27.727974,69.138519
1.464813,28.392921,69.745346
1.942505,29.001053,70.33403
2.485168,29.707405,71.045868
2.944672,30.285408,71.633194
3.423065,30.868469,72.244049
3.928192,31.431847,72.871597
4.422546,31.952148,73.502625
4.89743,32.478317,74.123779
5.345062,32.976112,74.730362
5.795746,33.446396,75.330902
6.306213,33.958504,76.00972
6.67215,34.303787,76.505386
7.100861,34.660606,77.073532
7.576721,35.028526,77.719467
7.933563,35.258827,78.186325
8.291504,35.443329,78.646088
8.650421,35.589119,79.087524
8.989319,35.673676,79.517654
9.333099,35.709076,79.94664
9.64093,35.724937,80.361389
10.009033,35.671165,80.833115
10.299438,35.58567,81.194046
10.657349,35.431152,81.62674
10.909454,35.291756,81.966003
11.205963,35.112206,82.305618
11.509796,34.87326,82.621506
11.795502,34.622414,82.926437
12.086517,34.34095,83.199493
12.35788,34.020874,83.444031
12.647369,33.653732,83.693756
12.87558,33.298698,83.906677
13.114044,32.852081,84.127304
13.317657,32.373955,84.35675
13.49942,31.900223,84.563904
13.668488,31.371536,84.774048
13.7966,30.784286,85.00531
13.912689,30.273851,85.184464
14.012482,29.682281,85.3582
14.107208,29.014816,85.525238
14.179718,28.416315,85.668854
14.233978,27.772179,85.781769
14.282928,27.095531,85.879532
14.310089,26.356506,85.964157
14.296112,25.737215,86.025436
14.271759,24.950384,86.061646
14.221832,24.256397,86.094879
14.149933,23.570408,86.12291
14.049347,22.806538,86.130249
13.940582,22.138214,86.131378
13.765045,21.36742,86.112396
13.581879,20.582462,86.065186
13.406464,19.935928,86.010696
13.183197,19.288315,85.947617
12.940216,18.56852,85.852631
12.694672,17.931499,85.788422
12.438263,17.380882,85.720642
12.172577,16.846321,85.650238
11.839996,16.238171,85.568741
11.453461,15.623772,85.485229
11.00116,15.02887,85.376785
10.533783,14.429943,85.24585
9.986755,13.813519,85.115936
9.470551,13.192631,84.902573
8.965363,12.66264,84.729126
8.489105,12.207806,84.548157
7.942261,11.694084,84.329147
7.357239,11.248802,84.117645
6.779541,10.767811,83.909973
6.169647,10.326637,83.669525
5.488525,9.858715,83.418976
4.827728,9.515392,83.166397
4.243927,9.12962,82.859116
3.559906,8.795929,82.569473
2.908203,8.567719,82.287933
2.306976,8.343903,82.017532
1.682983,8.145809,81.758621
1.028198,8.018818,81.492096
0.363464,7.912449,81.232468
-0.223724,7.839348,81.014252
-0.846985,7.830231,80.79187
-1.558197,7.848335,80.540405
-2.168579,7.890835,80.316833
-2.82077,7.966255,80.073639
-3.388306,8.021091,79.83403
-3.994751,8.111076,79.608368
-4.653442,8.281124,79.350845
-5.129578,8.433228,79.182693
-5.618469,8.619572,79.020142
-6.077179,8.841866,78.878357
-6.550232,9.121239,78.770111
-6.983246,9.395077,78.675018
-7.425323,9.742142,78.595154
-7.78299,10.069763,78.55307
-8.162384,10.45528,78.515961
-8.503662,10.887074,78.531464
-8.775421,11.299503,78.603668
-9.045868,11.778141,78.688095
-9.264801,12.220089,78.801208
-9.448975,12.749828,78.989166
-9.63797,13.335182,79.177765
-9.731598,13.86758,79.407791
-9.846191,14.519684,79.723648
-9.935699,15.17482,80.036972
-9.987335,15.785049,80.37323
-9.982513,16.318356,80.702255
-10.00238,17.010952,81.091858
-9.986633,17.641533,81.482483
-9.95694,18.329681,81.920944
-9.94931,19.067024,82.354858
-9.942047,19.736351,82.768982
-9.904846,20.455162,83.22081
-9.904083,21.156418,83.60463
-9.907135,21.878319,84.015884
-9.865936,22.503811,84.369614
-9.848267,23.236881,84.73204
-9.805573,23.929779,85.090073
-9.726196,24.620749,85.442749
-9.622559,25.295235,85.801025
-9.486298,25.963043,86.163239
-9.334076,26.646721,86.546951
-9.240814,27.453997,86.933777
-9.101318,28.119125,87.295242
-8.972748,28.888882,87.669235
-8.762573,29.568369,88.027298
-8.534973,30.205429,88.358673
-8.330719,30.890915,88.687576
-8.057404,31.614052,89.039368
-7.819489,32.207336,89.336044
-7.527496,32.862907,89.683701
-7.262482,33.44371,89.98848
-6.974579,33.978836,90.290665
-6.689575,34.482109,90.596771
-6.413757,34.969269,90.867874
-6.118805,35.44165,91.143646
-5.828552,35.853371,91.390305
-5.560333,36.210396,91.593674
-5.318909,36.551895,91.79187
-5.040039,36.877464,91.982498
-4.748596,37.144569,92.159012
-4.43634,37.375732,92.325409
-4.148468,37.553719,92.470657
-3.840271,37.73497,92.605774
-3.504211,37.880112,92.752548
-3.221466,37.992203,92.86232
-2.90976,38.069183,92.974319
-2.633759,38.122169,93.073349
-2.360016,38.18261,93.182495
-2.073578,38.193314,93.316666
-1.806366,38.192329,93.44548
-1.555969,38.188812,93.572617
-1.307465,38.120827,93.709122
-1.08606,38.043091,93.845444
-0.878632,37.953773,93.945465
-0.643829,37.805031,94.042358
-0.504425,37.681152,94.129578
-0.331207,37.521721,94.201019
-0.180389,37.323341,94.246994
-0.047882,37.115189,94.29248
0.061523,36.893265,94.328369
0.162598,36.666275,94.362823
0.236511,36.420891,94.398743
0.295013,36.139877,94.419388
0.325897,35.866081,94.425873
0.317841,35.568405,94.413666
0.331696,35.249138,94.384842
0.334961,34.894981,94.315613
0.312683,34.589386,94.231094
0.30835,34.283897,94.121735
0.292175,33.983276,93.985809
0.220886,33.693214,93.846619
0.174011,33.396774,93.682892
0.118927,33.116295,93.507462
0.078491,32.863388,93.342468
0.009735,32.630257,93.155548
-0.101135,32.31736,92.876511
-0.25473,32.081673,92.606598
-0.388306,31.829185,92.322647
-0.521179,31.594185,92.021133
-0.694702,31.354782,91.622009
-0.838623,31.181618,91.237396
-0.985687,30.987535,90.794632
-1.164886,30.828012,90.327576
-1.332886,30.64138,89.777832
-1.546936,30.498032,89.111481
-1.7229,30.36886,88.469757
-1.926636,30.240625,87.626358
-2.130585,30.122049,86.633972
-2.303741,29.999178,85.719833
-2.438385,29.853775,84.66713
-2.646973,29.682045,83.023041
-2.72821,29.507233,81.634247
-2.792877,29.329979,80.05191
-2.877747,29.219604,78.304733
-2.802399,29.002518,75.670349
-2.656799,28.836475,73.687134
-2.447754,28.649155,71.660538
-2.219727,28.494644,69.460693
-1.894379,28.304415,67.129425
-1.536682,28.121675,64.717682
-1.114746,27.94577,62.042007
-0.70755,27.860453,59.524109
-0.183746,27.778498,56.794632
0.377563,27.749733,53.819458
0.838562,27.77685,51.094666
1.377075,27.773598,48.134842
1.973602,27.794029,44.887314
2.472015,27.804398,41.854431
2.97287,27.764742,38.689743
3.384308,27.744141,35.399033
3.67926,27.726006,32.109085
3.889862,27.693054,28.46196
3.957825,27.655777,25.501266
3.936249,27.623703,22.300644
3.764496,27.648119,19.270462
3.526764,27.68055,16.10379
3.15683,27.73819,12.500458
2.735291,27.831985,9.660278
2.293884,27.93261,7.155396
1.812012,27.962494,4.740982
1.157013,27.992296,1.983505
0.495148,27.978241,-0.163452
-0.140961,27.918884,-2.269455
-0.94809,27.866112,-4.481354
-1.693542,27.826324,-6.317581
-2.434631,27.735603,-8.083618
-3.199402,27.680305,-9.790253
-3.934937,27.697548,-11.276493
-4.705811,27.701935,-12.756813
-5.488403,27.721848,-14.236866
-6.123596,27.784576,-15.348133
-6.803253,27.814888,-16.471821
-7.437256,27.841745,-17.486656
-8.033783,27.882126,-18.419323
-8.765289,27.907524,-19.488079
NEW GESTURE,,
0.204883,0.934032,0.292585
-0.978767,0.197386,0.055259
-0.006139,-0.297695,0.954641
0.0,0.0,0.0
-0.01416,-0.045345,0.015076
-0.024933,-0.07832,0.029358
-0.036652,-0.110504,0.046768
-0.04657,-0.137207,0.068802
-0.065826,-0.170063,0.091949
-0.087341,-0.204441,0.107254
-0.11908,-0.238472,0.12793
-0.147156,-0.271355,0.133865
-0.227325,-0.293682,0.160583
-0.314911,-0.280735,0.208282
-0.380493,-0.257477,0.265656
-0.473999,-0.19257,0.345657
-0.57312,-0.104424,0.443008
-0.692749,0.011852,0.573898
-0.820526,0.128986,0.705307
-0.952301,0.266697,0.847473
-1.110443,0.438347,1.033798
-1.331421,0.672249,1.245926
-1.530792,0.909176,1.426895
-1.766174,1.204754,1.612518
-2.012787,1.54734,1.821899
-2.24231,1.933235,2.019501
-2.484436,2.374283,2.271088
-2.725037,2.812103,2.500763
-2.993744,3.36808,2.7715
-3.281342,4.019165,3.050827
-3.544678,4.656174,3.298859
-3.802734,5.362465,3.547272
-4.04541,6.087948,3.778885
-4.29895,6.927731,4.040741
-4.49704,7.661892,4.256775
-4.732697,8.592003,4.532547
-4.919434,9.393478,4.771469
-5.103363,10.335983,5.034973
-5.288513,11.338116,5.312561
-5.419586,12.276043,5.557549
-5.553406,13.352314,5.825989
-5.642639,14.358349,6.096115
-5.718994,15.436058,6.335587
-5.773041,16.555038,6.569778
-5.797089,17.961933,6.875076
-5.783722,18.889381,7.071945
-5.782623,20.011536,7.323807
-5.743683,21.116928,7.568939
-5.689728,22.312916,7.832703
-5.615784,23.540333,8.104721
-5.488251,24.776222,8.388947
-5.36322,25.909821,8.622147
-5.223419,27.138794,8.893051
-5.045929,28.412701,9.135193
-4.822357,29.589249,9.358932
-4.55777,30.838573,9.598114
-4.226379,32.22654,9.866516
-3.881927,33.460007,10.124222
-3.538605,34.602371,10.378326
-3.130035,35.824989,10.68869
-2.671753,36.997795,11.043671
-2.220337,38.053482,11.425629
-1.695984,39.088028,11.864532
-1.152985,40.059357,12.32486
-0.577148,40.919502,12.799576
0.046021,41.69384,13.295929
0.640625,42.401184,13.777328
1.381256,43.09523,14.343369
2.045868,43.64817,14.862778
2.699341,44.112114,15.385071
3.409271,44.560165,15.934418
4.193085,44.901573,16.539566
4.946259,45.184402,17.110504
5.825836,45.406441,17.782333
6.630005,45.506554,18.385666
7.342163,45.532791,18.926956
8.169739,45.515083,19.571182
9.062164,45.414749,20.236343
9.76416,45.276268,20.768661
10.560516,45.0728,21.34819
11.411194,44.737701,21.979141
12.143402,44.413368,22.526535
12.923492,43.998291,23.127533
13.68454,43.536293,23.713425
14.441315,43.032997,24.316788
15.197723,42.48259,24.903915
15.884064,41.903732,25.432831
16.572296,41.308723,25.998932
17.240692,40.673935,26.522369
17.96756,39.889221,27.096588
18.527069,39.257339,27.554352
19.128021,38.527664,28.04425
19.744415,37.722794,28.554321
20.246857,37.012398,29.001404
20.796906,36.217537,29.474823
21.328644,35.347351,29.953293
21.785919,34.533661,30.403732
22.182159,33.722931,30.78569
22.586639,32.793129,31.188034
22.969147,31.771553,31.607681
23.255096,30.885723,31.939163
23.501556,29.90394,32.270569
23.712555,28.848328,32.607742
23.876068,27.875427,32.904709
23.971222,26.785221,33.196289
24.043365,25.650539,33.482956
24.032135,24.530235,33.736664
23.955597,23.347321,33.985245
23.832306,22.204628,34.213432
23.627289,21.029556,34.442444
23.320343,19.88192,34.656357
22.971954,18.733276,34.891602
22.540497,17.601517,35.140656
22.015839,16.482128,35.386566
21.403473,15.386608,35.659363
20.775909,14.41901,35.885147
20.010712,13.397003,36.134216
19.22995,12.502411,36.358856
18.401459,11.696697,36.579208
17.493866,10.936417,36.796967
16.573822,10.273338,37.008698
15.545197,9.675266,37.250931
14.53537,9.221676,37.467941
13.513336,8.789482,37.678223
12.506012,8.511391,37.894531
11.409912,8.301167,38.133896
10.399384,8.210159,38.368576
9.355499,8.202709,38.613907
8.393005,8.299381,38.848694
7.467621,8.494392,39.077881
6.562134,8.76104,39.316864
5.70166,9.144676,39.537933
4.888184,9.565643,39.766312
4.101898,10.057407,39.994987
3.354034,10.629086,40.218658
2.751556,11.207474,40.416534
2.160156,11.878899,40.635422
1.64035,12.589249,40.869095
1.200836,13.407696,41.094055
0.841461,14.191029,41.315628
0.504059,15.023117,41.562607
0.261932,15.925995,41.800766
0.059387,16.859406,42.057251
-0.087097,17.834381,42.317459
-0.152252,18.892403,42.587997
-0.187744,19.786854,42.825623
-0.138306,20.793671,43.099106
-0.023651,21.902706,43.415794
0.117279,22.803047,43.695709
0.352051,23.835869,44.03891
0.647705,24.903645,44.428802
0.96579,25.859871,44.816757
1.352112,26.862587,45.256424
1.712769,27.803745,45.699356
2.18811,28.747738,46.233871
2.628052,29.633846,46.764328
3.079956,30.41172,47.287598
3.537994,31.101646,47.808815
4.055817,31.878819,48.404282
4.605133,32.535194,49.061623
5.087433,33.120705,49.637955
5.546295,33.570938,50.190918
6.029083,33.999245,50.792313
6.487122,34.317146,51.326019
6.951691,34.601654,51.849174
7.412506,34.816216,52.355316
7.939819,35.002457,52.924728
8.429016,35.124229,53.409401
8.933502,35.189392,53.916306
9.433655,35.221939,54.381134
9.938416,35.204597,54.83252
10.473297,35.100441,55.250992
10.922089,34.995049,55.594666
11.443146,34.850838,55.951935
11.993073,34.624947,56.345871
12.450836,34.422821,56.649536
12.980011,34.131538,56.969299
13.448944,33.814575,57.254089
13.918854,33.441978,57.535522
14.425934,33.004951,57.845184
14.85672,32.549301,58.106277
15.236298,32.122864,58.345367
15.657318,31.582382,58.62381
16.082367,31.038799,58.90155
16.361908,30.564896,59.126755
16.692535,29.997162,59.395996
16.96994,29.400219,59.666702
17.19754,28.805748,59.925659
17.400482,28.192345,60.201279
17.558258,27.569298,60.482666
17.688934,26.893379,60.782501
17.755096,26.299599,61.05246
17.794342,25.597572,61.384338
17.796295,24.995522,61.678833
17.732574,24.302391,62.00238
17.650421,23.745277,62.262222
17.543182,23.193039,62.524109
17.352753,22.521965,62.845245
17.148895,21.967617,63.123627
16.879669,21.327827,63.443222
16.580841,20.759583,63.730331
16.25058,20.198811,64.003525
15.862518,19.638779,64.295822
15.354828,19.044376,64.612335
14.862762,18.562153,64.87114
14.387177,18.122345,65.117493
13.878387,17.735401,65.342255
13.336578,17.375511,65.54541
12.737213,17.036701,65.747009
12.067993,16.696732,65.964218
11.498657,16.456104,66.124588
10.898895,16.228653,66.312912
10.266846,16.099918,66.490982
9.665497,15.989082,66.658966
8.984894,15.950825,66.870361
8.435333,15.957478,67.03804
7.776764,16.025978,67.25325
7.188965,16.100304,67.446121
6.619934,16229,67.607666
6.014313,16.376225,67.752258
5.511536,16.544586,67.880768
4.98642,16.764931,68.005753
4.413788,17.035286,68.126816
4.004974,17.284252,68.240738
3.550629,17.652477,68.381165
3.122559,18.020039,68.527084
2.756073,18.396729,68.666656
2.334625,18.860214,68.814133
2.013275,19.273186,68.932129
1.738647,19.701328,69.068115
1.461792,20.200603,69.193619
1.217865,20.70401,69.316116
0.99826,21.212578,69.438583
0.810516,21.765877,69.572113
0.629395,22.322433,69.718918
0.467194,22.919323,69.877167
0.302734,23.500328,70.037262
0.147736,24.155106,70.23558
0.008575,24.750198,70.400253
-0.162262,25.404694,70.588943
-0.29187,25.980175,70.744247
-0.421082,26.539219,70.877762
-0.581451,27.133015,71.018204
-0.711395,27.744976,71.131668
-0.844025,28.327896,71.22963
-0.994568,28.943027,71.340042
-1.119812,29.561199,71.42627
-1.229828,30.145336,71.490036
-1.34494,30.729702,71.54393
-1.453674,31.273891,71.561844
-1.559113,31.824852,71.558517
-1.675507,32.361137,71.515228
-1.768311,32.829575,71.426361
-1.883362,33.345619,71.281021
-2.021027,33.754448,71.14119
-2.147156,34.193855,70.95282
-2.244507,34.586197,70.705811
-2.364655,34.920609,70.488586
-2.450104,35.242859,70.213211
-2.530914,35.567665,69.908371
-2.590332,35.853897,69.602066
-2.649719,36.143135,69.284103
-2.691406,36.397545,68.905991
-2.707153,36.622322,68.561752
-2.708588,36.843048,68.168015
-2.695404,37.038551,67.808701
-2.656738,37.234367,67.431427
-2.584717,37.436722,67.002991
-2.503662,37.574432,66.669281
-2.381866,37.731514,66.276733
-2.274841,37.909248,65.90863
-2.154205,38.060982,65.528824
-1.967865,38.192101,65.134888
-1.725983,38.320671,64.66568
-1.543274,38.443642,64.309052
-1.301117,38.574867,63.943695
-1.055389,38.693954,63.592789
-0.78952,38.831734,63.25235
-0.518402,39.000275,62.927795
-0.233276,39.157745,62.629242
0.109344,39.348907,62.313034
0.40564,39.504372,62.061447
0.644287,39.645325,61.88443
0.947723,39.832085,61.690552
1.199371,40.00885,61.579559
1.455078,40.179359,61.477676
1.734283,40.395088,61.428314
1.960297,40.621368,61.43396
2.216034,40.838387,61.471786
2.464142,41.059677,61.547333
2.744232,41.318794,61.673096
2.969116,41.508614,61.805908
3.21933,41.73745,61.969894
3.478394,41.950386,62.169357
3.797943,42.185898,62.437515
4.073547,42.386627,62.684113
4.350067,42.554741,62.936508
4.619019,42.687775,63.18602
4.953613,42.833534,63.467651
5.25296,42.933815,63.724945
5.546082,43.018883,63.980225
5.853027,43.072533,64.22612
6.115631,43.113846,64.452057
6.437927,43.109161,64.726044
6.75296,43.098831,65.008041
7.057526,43.075264,65.264404
7.354553,43.022842,65.529327
7.63974,42.949905,65.790222
7.908966,42.86306,66.048141
8.171967,42.782646,66.298279
8.419159,42.68306,66.549225
8.654877,42.572502,66.797531
8.86908,42.467392,67.03717
9.083252,42.332207,67.281952
9.267395,42.19677,67.533447
9.419861,42.074242,67.732086
9.565125,41.932999,67.955475
9.716858,41.778343,68.142517
9.833771,41.656654,68.31839
9.957062,41.52668,68.471771
10.046936,41.396019,68.62822
10.134399,41.270576,68.763702
10.216003,41.138832,68.882584
10.259064,41.021141,68.971893
10.323547,40.89946,69.037018
10.388458,40.774979,69.095428
10.455597,40.66375,69.120941
10.508759,40.56424,69.13562
10.557526,40.473816,69.125778
10.599579,40.391632,69.105194
10.650116,40.309586,69.066788
10.68045,40.261108,69.010712
10.720032,40.215813,68.948944
10.753754,40.18203,68.894135
10.777252,40.167938,68.812439
10.790314,40.16449,68.75058
10.82135,40.15451,68.675049
10.834473,40.153038,68.606506
10.854187,40.158485,68.53009
10.87793,40.167358,68.450729
10.89621,40.187134,68.352173
10.919556,40.20694,68.27597
10.946991,40.216713,68.19899
10.954376,40.24379,68.118744
10.968414,40.25811,68.046219
10.981781,40.272018,67.973114
10.984772,40.292107,67.908554
10.994171,40.303268,67.842072
11.001007,40.330826,67.790955
10.995819,40.354591,67.744507
10.984497,40.382164,67.703812
10.982971,40.407333,67.666046
10.968475,40.436058,67.625809
10.961517,40.466721,67.584686
10.955963,40.50737,67.549561
10.969727,40.536865,67.510666
10.96756,40.568748,67.474686
10.966736,40.603073,67.43631
10.947113,40.637527,67.397446
10.941437,40.663582,67.35257
10.936798,40.683563,67.300507
10.94223,40.699638,67.251129
10.936768,40.706032,67.203384
10.927948,40.713249,67.146988
10.920868,40.719513,67.08638
10.91391,40.71804,67.031998
10.910889,40.71051,66.976944
10.907959,40.707542,66.919357
10.905365,40.693993,66.85614
10.896881,40.681999,66.796585
10.889191,40.671051,66.74382
10.868195,40.673454,66.711548
10.858734,40.660568,66.664291
10.840973,40.656677,66.611511
10.825958,40.641022,66.580399
10.812805,40.62442,66.544724
10.793549,40.609741,66.508728
10.773102,40.602165,66.485565
10.764526,40.594818,66.46257
10.763336,40.579193,66.433395
10.745758,40.57267,66.423615
10.729279,40.556915,66.403183
10.721313,40.539139,66.388351
10.704132,40.522636,66.380783
10.693481,40.503304,66.373657
10.663788,40.48243,66.365189
10.645142,40.464096,66.362473
10.626099,40.435051,66.349884
10.618073,40.411606,66.339355
10.600525,40.384331,66.336655
10.5896,40.360573,66.335709
10.589447,40.337112,66.331543
10.575226,40.319199,66.335098
10.559692,40.312378,66.331238
10.545349,40.298836,66.333588
10.537567,40.279099,66.33934
10.535431,40.263062,66.350479
10.523956,40.251274,66.357269
10.530487,40.227982,66.353958
10.542603,40.206917,66.362183
10.532532,40.190956,66.365875
10.556793,40.166847,66.356171
10.580566,40.143059,66.352234
10.602936,40.112427,66.345184
10.63562,40.098732,66.351898
10.688782,40.055191,66.349106
10.777985,40.001709,66.33992
10.861694,39.93148,66.331238
10.946686,39.875359,66.322784
11.074341,39.798759,66.319458
11.190735,39.73233,66.326279
11.321075,39.648758,66.331573
11.459381,39.549492,66.340561
11.658325,39.406593,66.346619
11.861877,39.253708,66.360626
12.084259,39.089218,66.375519
12.285309,38.925697,66.388275
12.520782,38.725708,66.407043
12.769073,38.492989,66.433838
13.043854,38.226517,66.462402
13.286041,37.981262,66.504745
13.586761,37.680946,66.553757
13.827789,37.406265,66.614609
14.111053,37.061279,66.687164
14.416901,36.674225,66.771576
14.676483,36.30381,66.865463
14.962067,35.871803,66.968796
15.223236,35.388321,67.078583
15.488739,34.877457,67.196564
15.748077,34.330269,67.311096
15.959381,33.835785,67.408615
16.209747,33.154236,67.530228
16.423859,32.456985,67.6642
16.537872,31.832397,67.791595
16.669281,31.197155,67.917847
16.786835,30.338886,68.103867
16.826874,29.538481,68.286652
16.831818,28.408924,68.541077
16.754059,27.58596,68.720337
16.653412,26.877537,68.880035
16.511017,26.069214,69.057724
16.284882,25.204865,69.254639
16.029633,24.389221,69.445419
15.730865,23.553993,69.648682
15.3284,22.701706,69.866425
14.958466,21.924961,70.047043
14.525238,21.178604,70.233231
14.01712,20.404758,70.428055
13.479034,19.687141,70.614151
12.933441,19.003273,70.782181
12.110809,18.121937,70.978455
11.49649,17.533661,71.105103
10.802856,16.947128,71.20816
10.09021,16.376293,71.285995
9.363007,15.861557,71.358246
8.526581,15.351677,71.405365
7.729523,14.914577,71.428055
6.935425,14.523438,71.421051
6.070496,14.145405,71.402893
5.263153,13.826942,71.335175
4.428925,13.566139,71.270309
3.683044,13.345089,71.211655
2.743256,13.18095,71.096161
1.995209,13.074196,70.988358
1.196014,13.004986,70.846878
0.393768,13.004475,70.67215
-0.455627,13.005405,70.442474
-1.145966,13.062252,70.240646
-1.889771,13.143055,69.999008
-2.656708,13.280907,69.733246
-3.349182,13.447025,69.468811
-4.098511,13.698139,69.168549
-4.710907,13.922615,68.907684
-5.434723,14.258446,68.567581
-6.058044,14.542271,68.27742
-6.675995,14.882065,67.946213
-7.261444,15.232403,67.592972
-7.862579,15.591278,67.224869
-8.425964,15.98214,66.84758
-8.994354,16.414429,66.439362
-9.538757,16.868366,66.006485
-10.104675,17.418507,65.529678
-10.468933,17.844742,65.147049
-10.873749,18.370522,64.699417
-11.219696,18.982285,64.200882
-11.500946,19.506744,63.748962
-11.714539,20.023048,63.305038
-11.915314,20.609154,62.81662
-12.083649,21.206429,62.321884
-12.197662,21.850563,61.810791
-12.250397,22.477341,61.287613
-12.247803,23.15649,60.739532
-12.181061,23.849106,60.234589
-12.040375,24.556786,59.713394
-11.847198,25.38295,59.129715
-11.659943,26.046471,58.700165
-11.324341,26.798237,58.214996
-10.987335,27.583183,57.730209
-10.569824,28.37241,57.257553
-10.086304,29.217165,56.796753
-9.662567,29.993883,56.377716
-9.128113,30.810478,55.9608
-8.564636,31.62196,55.561142
-7.98407,32.429359,55.19548
-7.316345,33.267868,54.838608
-6.708008,34.005203,54.563873
-6.039124,34.798553,54.301331
-5.34967,35.569305,54.084915
-4.598755,36.35891,53.886276
-3.830414,37.127411,53.746109
-3.044891,37.925606,53.646423
-2.419983,38.506233,53.577225
-1.695007,39.18689,53.511887
-0.970062,39.821068,53.461411
-0.226959,40.425911,53.441803
0.558014,41.040794,53.447906
1.322601,41.614143,53.461212
2.121429,42.207451,53.484528
2.878235,42.72361,53.521896
3.603699,43.167267,53.582428
4.374451,43.572289,53.666611
5.219666,44.006721,53.78244
5.900482,44.313232,53.880188
6.759125,44.670975,54.033798
7.546844,44.910477,54.206635
8.160431,45.09819,54.358055
8.796326,45.223015,54.536102
9.472229,45.31955,54.746643
10.240753,45.377449,55.009979
10.88269,45.400368,55.251129
11.560272,45.380508,55.532486
12.239441,45.308197,55.865433
12.920868,45.189323,56.192474
13.532135,45.017776,56.502563
14.120148,44.806358,56.815826
14.726593,44.536217,57.132645
15.298615,44.244911,57.418518
15.856171,43.891716,57.722122
16.392975,43.510445,58.008011
16.924591,43.077316,58.292999
17.441376,42.625504,58.5728
17.953033,42111,58.843079
18.47171,41.550491,59.109665
18.952301,40.948563,59.372879
19.360321,40.364967,59.600037
19.771454,39.732277,59.823471
20.12851,39.063774,60.059891
20.564545,38.12117,60.33136
20.825531,37.485016,60.495575
21.065582,36.772415,60.670288
21.285004,36.041634,60.834213
21.473846,35.177185,61.014954
21.618622,34.312088,61.198395
21.716522,33.420242,61.387253
21.75705,32.534157,61.582199
21.748077,31.704521,61.774109
21.70163,30.833366,61.98616
21.594635,29.933266,62.219208
21.450714,29.0767,62.470627
21.278778,28.247669,62.728088
21.037811,27.389278,63.020996
20.767975,26.576569,63.327652
20.466766,25.83696,63.653488
20.117462,25.068989,64.011215
19.738678,24.361435,64.380295
19.295807,23.634472,64.810043
18.844513,22.979511,65.231445
18.326447,22.348896,65.698273
17.772064,21.741833,66.201218
17.144257,21.156361,66.711884
16.533356,20.613148,67.205887
15.865265,20.099297,67.763718
15.147919,19.649605,68.29483
14.357147,19.152672,68.855957
13.57016,18.767334,69.375153
12.707672,18.389526,69.905396
11.932556,18.070488,70.342529
11.085999,17.755226,70.809448
10.121643,17.463989,71.276917
9.189545,17.205338,71.684052
8.202759,16.997864,72.095917
7.231079,16.854233,72.449783
6.444397,16.744331,72.685318
5.467133,16.667595,72.980515
4.56839,16.661469,73.20929
3.616577,16.674984,73.402206
2.769165,16.74102,73.574585
1.992096,16.86087,73.698776
1.160767,17.036991,73.802734
0.425446,17.217499,73.906174
-0.318848,17.508865,73.985855
-0.991577,17.795959,74.049362
-1.654327,18.132439,74.13829
-2306,18.586006,74.235855
-2.865448,19.013954,74.347336
-3.366608,19.469227,74.470062
-3.860138,20.020283,74.611908
-4.338104,20.610966,74.790543
-4.672333,21.161926,74.957352
-4.982086,21.80484,75.179123
-5.2276,22.444191,75.421371
-5.465363,23.156132,75.704971
-5.622528,23.93074,76.068085
-5.75119,24.713196,76.448898
-5.816803,25.569752,76.864899
-5.79248,26.425476,77.316467
-5.759003,27.281872,77.77533
-5.72052,28.164597,78.229919
-5.65155,29.077679,78.732895
-5.531433,30.069593,79.270691
-5.361572,31.008593,79.786972
-5.213348,31.902735,80.281998
-5.077576,32.777359,80.740097
-4.807312,33.742027,81.303955
-4.561218,34.605209,81.813644
-4.331085,35.47567,82.318268
-3.974518,36.408707,82.886032
-3.675781,37.159271,83.348007
-3.367645,37.868355,83.788605
-3.008575,38.625465,84.271942
-2.711243,39.374649,84.746216
-2.344513,40.071091,85.210724
-1.981873,40.706841,85.643204
-1.541534,41.303223,86.101898
-1.183258,41.808205,86.513504
-0.821259,42.289192,86.933746
-0.461731,42.725929,87.362976
-0.074768,43.111412,87.793747
0.292511,43.45874,88.221558
0.640686,43.724472,88.626465
1.016693,43.983543,89.053345
1.392609,44.158997,89.492142
1.825806,44.305199,89.961929
2.187958,44.44973,90.395569
2.54834,44.509872,90.822876
2.90741,44.521667,91.216599
3.289795,44.504951,91.683441
3.630981,44.460007,92.114685
4.061371,44.325249,92.661636
4.373077,44.2136,93.074066
4.696991,44.032829,93.507965
5.063232,43.814178,93.981583
5.411224,43.5467,94.498322
5.693909,43.292068,94.97168
5.999603,42.943008,95.510254
6.278961,42.56929,96.069794
6.515198,42.196037,96.604538
6.736084,41.75695,97.187454
6.952759,41.283234,97.808243
7.140839,40.774208,98.442627
7.33667,40.228416,99.098022
7.498627,39.653412,99.750641
7.65155,39.070999,100.394714
7.78479,38.451797,101.040314
7.947052,37.757179,101.735504
8.085876,37.103874,102.325302
8.216919,36.426216,102.92308
8.335785,35.712181,103.504272
8.432678,34.980324,104.095093
8.494232,34.239792,104.64267
8.53537,33.465965,105.15274
8.540131,32.651047,105.66806
8.499603,31.842876,106.118637
8.451752,30.944969,106.533463
8.336029,30.050793,106.905945
8.150177,29.117334,107.23732
7.968445,28.161064,107.50325
7.742371,27.207542,107.718704
7.48819,26.354385,107.821106
7.219879,25.43346,107.912033
6.889343,24.440147,107.938522
6.52301,23.539951,107.884567
6.123108,22.574497,107.761719
5.729523,21.728447,107.628555
5.233459,20.854668,107.410812
4.773773,20.027721,107.187225
4.266937,19.202293,106.929016
3.721008,18.454769,106.618835
3.184937,17.734161,106.301971
2.601166,17.064621,105.955597
2.060272,16.458588,105.585342
1.502991,15.857876,105.188324
0.951233,15.336037,104.736511
0.381653,14.869911,104.246277
-0.106873,14.511299,103.781937
-0.568542,14.236153,103.310944
-1.058899,14.017311,102.788574
-1.499603,13.877369,102.300095
-1.868561,13.832085,101.867432
-2.208313,13.83952,101.415802
-2.555389,13.927998,100.992371
-2.886383,14.164925,100.571091
-3.100342,14.366455,100.250168
-3.33609,14.71701,99.937912
-3.549408,15.128281,99.657059
-3.658661,15.592049,99.451279
-3.783905,16.165585,99.300797
-3.904083,16.782547,99.180649
-3.922211,17.44701,99.136169
-3.976105,18.239479,99.132324
-4.027496,19.099308,99.170761
-4.037445,19.905117,99.246475
-4.063446,20.89677,99.399994
-4.084656,21.850567,99.559784
-4.057129,22.805382,99.778442
-4.060303,23.91626,100.056213
-4.005371,24.916473,100.333832
-3.988251,26.021816,100.663788
-4.016083,27.2258,101.017624
-3.998535,28.428509,101.406189
-4.005249,29.729048,101.818512
-3.944916,30.748478,102.191879
-3.880493,31.918873,102.628998
-3.812225,33.038246,103.078369
-3.785889,34.242172,103.560379
-3.757416,35.527901,104.100632
-3.70929,36.559326,104.577286
-3.696594,37.718628,105.118317
-3.699188,38.86834,105.690689
-3.705963,39.947289,106.259506
-3.749115,41.193329,106.957886
-3.821503,42.082619,107.489197
-3.860443,42.856674,107.978989
-3.88205,43.476219,108.390427
-3.971313,44.271568,108.906738
-4.008728,44.968605,109.353973
-4.013153,45.61982,109.772568
-3.992493,46.281616,110.190323
-3.981628,46.902473,110.544113
-3.903748,47.476135,110.846405
-3.80246,48.081711,111.189453
-3.745575,48.532677,111.399933
-3.623779,48.969139,111.618713
-3.498047,49.379303,111.825607
-3.381836,49.66716,111.961487
-3.234039,49.970619,112.122696
-3.078491,50.167542,112.253693
-2.906036,50.310349,112.385986
-2.728882,50.390144,112.486694
-2.54715,50.473289,112.58577
-2.3078,50.499428,112.642487
-2.132172,50.504433,112.656113
-1.898682,50.481796,112.614777
-1.63559,50.436325,112.534302
-1.355621,50.398109,112.412811
-0.992737,50.324326,112.196548
-0.662842,50.263031,111.963913
-0.213226,50.214653,111.612274
0.355896,50.117393,111.126297
0.882935,50.024078,110.635422
1.575836,49.89846,110.000946
2.237579,49.728394,109.416794
2.953735,49.531151,108.707291
3.789185,49.267326,107.88974
4.476715,49.037247,107.192276
5.210724,48.756554,106.426407
6.101746,48.364029,105.466965
6.768097,48.045578,104.700043
7.449799,47.671562,103.926712
8.26413,47.184654,102.980118
8.980072,46.711021,102.135086
9.747559,46.171448,101.245041
10.510101,45.534912,100.314148
11.241577,44.887611,99.364548
11.981842,44.15049,98.397308
12.641266,43.469498,97.530533
13.286163,42.715302,96.633606
13.875519,41.968262,95.787811
14.46994,41.155098,94.947464
15.007538,40.313553,94.110901
15.540741,39.41906,93.26413
16.030853,38.52356,92.464203
16.470306,37.626587,91.689163
16.886444,36.685371,90.896286
17.277802,35.682961,90.111115
17.590668,34.666595,89.333786
17.879425,33.649315,88.555862
18.157928,32.494812,87.706573
18.320282,31.488256,87.001282
18.431488,30.427387,86.274887
18.48056,29.307545,85.50061
18.433807,28.134346,84.693665
18.344696,27.16254,84.012589
18.221161,26.1637,83.288788
18.002533,25.020912,82.356857
17.816803,24.15699,81.581528
17.593536,23.217026,80.675781
17.350189,22.316841,79.694626
17.029022,21.406342,78.558716
16.694977,20.622623,77.399796
16.405792,19.983078,76.244217
16.13382,19.472626,75.106171
15.817902,18.921089,73.595856
15.654694,18.541924,72.192413
15.474579,18.145061,70.604507
15.303314,17.84935,68.975754
15.149506,17.616524,67.115646
15.019501,17.40966,64.953644
14.945038,17.328812,63.171692
14.846466,17.349579,61.036438
14.72464,17.404907,58.670151
14.597076,17.5177,56.428055
14.497101,17.647243,53.92424
14.35202,17.698959,51.31398
14.125275,17.847469,48.434631
13.907257,17.944515,45.465546
13.727203,17.916073,42.15271
13.486237,18.030659,39.438766
13.139008,18.210876,36.16777
12.802216,18.404579,32.743195
12.406586,18.624786,29.556625
11.868286,18.896568,26.021652
11.299835,19.154907,22.585464
10.664093,19.417133,19.291428
9.798553,19.719589,15.848557
8.81958,20.078136,11.998123
7.689484,20.447506,8.298996
6.633972,20.755699,5.398849
5.750122,21.031418,2.987762
4.740601,21.274879,0.445221
3.37384,21.547295,-2.628891
2.180573,21.78418,-5.160324
0.840179,21.96447,-7.734421
-0.664276,22.148586,-10.237293
NEW GESTURE,,
0.224505,0.935408,0.273147
-0.974284,0.20994,0.081831
0.019201,-0.284495,0.958485
0.0,0.0,0.0
-0.132324,0.20639,0.174446
-0.274933,0.433743,0.384293
-0.426971,0.660095,0.606476
-0.573883,0.909756,0.880417
-0.736511,1.172054,1.154648
-0.909607,1.487473,1.465271
-1.079163,1.834034,1.795319
-1.252991,2.236092,2.155899
-1.439575,2.703381,2.528702
-1.633301,3.27232,2.965714
-1.798859,3.752876,3.323898
-2.019989,4.424942,3.756973
-2.18808,5.012573,4.142044
-2.35022,5.639278,4.521606
-2.51181,6.332077,4.930527
-2.660492,7.08815,5.325394
-2.752014,7.843124,5.65184
-2.831238,8.69001,6.001236
-2.861298,9.581577,6.339264
-2.873566,10.451305,6.66095
-2.87204,11.382603,7.020126
-2.832092,12.322578,7.352325
-2.762451,13.270103,7.65834
-2.642792,14.289917,7.9823
-2.47998,15.338566,8.254623
-2.298889,16.377747,8.510498
-2.039917,17.550049,8.771393
-1.731689,18.720066,9.016571
-1.400391,19.879162,9.254135
-0.998352,21.232544,9.53627
-0.590027,22.411869,9.777328
-0.087708,23.779785,10.070496
0.368164,24.881779,10.326797
0.832642,26.000931,10.596039
1.359222,27.160873,10.900574
1.906128,28.2994,11.262878
2.449982,29.401022,11.658646
3.000305,30.409218,12.068161
3.572296,31.351891,12.505157
4.14856,32.249908,12.953827
4.731842,33.128418,13.412033
5.350708,33.948509,13.868561
5.964844,34.69313,14.316513
6.603149,35.398994,14.77066
7.248474,36.001709,15.233398
7.887573,36.541656,15.704758
8.545197,37.001869,16.169815
9.221527,37.403969,16.676376
9.89212,37.750999,17.183838
10.53833,38.020309,17.663956
11.208008,38.217369,18.187447
11.870636,38.35955,18.713638
12.507813,38.38456,19.259613
13.24353,38.380325,19.888351
13.898193,38.241539,20.471512
14.492004,38.090019,21.018967
15.162659,37.833206,21.629837
15.872192,37.413551,22.333908
16.459961,37.021187,22.892136
17.061096,36.529961,23.475494
17.699219,35.936661,24.113091
18.34613,35.228874,24.759834
18.902039,34.535789,25.33374
19.458191,33.788559,25.911118
19.965942,33.023659,26.458725
20.512695,32.093719,27.05658
20.960205,31.224655,27.59845
21.422302,30.286972,28.122879
21.845215,29.297386,28.616455
22.276611,28.204041,29.161011
22.642517,27.153404,29.625366
22.93866,26.152184,30.021484
23.256836,24.897335,30.483276
23.496216,23.740433,30.86911
23.691528,22.5518,31.236115
23.809326,21.397842,31.587677
23.911255,20.109783,31.930191
23.941711,18.93084,32.204987
23.932556,17.603493,32.500885
23.861755,16.300964,32.75264
23.75824,15.192066,32.94603
23.573792,13.859558,33.163895
23.332581,12.451447,33.394348
23.065918,11.237167,33.590652
22.739319,10.018871,33.782669
22.298462,8.636116,33.992065
21.957703,7.671593,34.133286
21.459412,6.44915,34.31485
20.911743,5.286003,34.458282
20.35144,4.294239,34.555145
19.661804,3.153442,34.683929
19.033936,2.203117,34.776047
18.237305,1.178242,34.850708
17.467529,0.247562,34.919296
16.639099,-0.612736,34.984116
15.741882,-1.42786,35.048462
14.774109,-2.213707,35.117691
13.773071,-2.87888,35.177185
12.89798,-3.414833,35.225845
11.888062,-3.905258,35.272026
10.920593,-4.29958,35.301712
9.890625,-4.638504,35.322205
8.935394,-4.907417,35.312164
8.118347,-5.033661,35.302216
7.184937,-5.139339,35.29364
6.201752,-5.176437,35.25206
5.308685,-5.136909,35.222321
4.443298,-5.04924,35.187759
3.578461,-4.882492,35.131073
2.684509,-4.63282,35.069046
1.882813,-4.335167,35.013351
1.16333,-4.014954,34.951523
0.479584,-3.649963,34.893417
-0.221588,-3.198971,34.836151
-0.868439,-2.716034,34.788681
-1.52182,-2.155186,34.752655
-2.115967,-1.562305,34.733643
-2.681549,-0.902225,34.721786
-3.227722,-0.242855,34.718109
-3.661133,0.368309,34.737793
-4.108307,1.051964,34.756653
-4.522705,1.77906,34.811295
-4.924622,2.556274,34.872513
-5.283813,3.346504,34.969025
-5.608032,4.139008,35.079224
-5.87912,4.966377,35.230194
-6.148041,5.819714,35.38591
-6.393829,6.716923,35.56691
-6.552338,7.555668,35.762527
-6.681305,8.441841,35.96225
-6.771088,9.361683,36.196762
-6.810333,10.259048,36.456085
-6.811127,11.218475,36.753952
-6.767975,12.138485,37.057991
-6.674469,13.088028,37.392334
-6.543457,14.024605,37.737885
-6.391815,14.974037,38.109894
-6.17395,15.975655,38.508881
-5.909485,16.882587,38.902863
-5.630249,17.777885,39.336136
-5.314301,18.67857,39.809021
-4.952179,19.594685,40.339996
-4.449677,20.733894,41.059235
-4.11792,21.445717,41.544754
-3.717651,22.184052,42.101349
-3.344543,22.811935,42.620216
-2.900818,23.539684,43.259827
-2.434998,24.249565,43.947441
-1.940216,24.910713,44.640976
-1.471405,25.510015,45.319077
-0.963928,26.066841,45.99794
-0.448608,26.544556,46.682968
0.067444,26.998491,47.366287
0.611237,27.416656,48.045395
1.154083,27.791603,48.732559
1.707184,28.120674,49.420685
2.292633,28.42675,50.136765
2.858124,28.673975,50.818268
3.51532,28.915825,51.588181
4.043579,29.093452,52.238144
4.648041,29.223564,52.939606
5.221375,29.298111,53.575165
5.810791,29.349861,54.274857
6.355377,29.314133,54.870911
6.985107,29.264954,55.540382
7.49823,29.15213,56.078873
8.142822,28.941109,56.734024
8.632996,28.754448,57.226898
9.163574,28.472397,57.758621
9.711548,28.163116,58.296646
10.172607,27.809784,58.739151
10.694916,27.351641,59.220566
11.137238,26.883591,59.622009
11.596069,26.387146,60.025848
12.034637,25.808908,60.42157
12.448395,25.22036,60.802536
12.828827,24.594831,61.158829
13.183716,23.949516,61.516907
13.505432,23.269318,61.849152
13.811768,22.538387,62.173355
14.052429,21.853027,62.480057
14.258057,21.113873,62.744049
14.448059,20.252953,63.0121
14.569641,19.500301,63.224899
14.663452,18.699501,63.437363
14.693298,17.876064,63.621506
14.667542,16.987656,63.794724
14.583557,16.158985,63.94725
14.454956,15.367172,64.081802
14.220703,14.465652,64.214111
13.962341,13.632954,64.352417
13.607483,12.77927,64.482712
13.213562,11.947838,64.588196
12.766602,11.132156,64.69075
12.281799,10.382309,64.769028
11.738922,9.664429,64.8134
11.144562,8.953838,64.860168
10.532776,8.31723,64.890411
9.844574,7.685188,64.90683
9.129425,7.160889,64.919571
8.424713,6.705559,64.932968
7.677765,6.273983,64.944809
6.908417,5.869843,64.968231
6.049561,5.537121,64.968887
5.243134,5.272331,64.949585
4.390778,5.050186,64.916977
3.491302,4.889408,64.86438
2.758514,4.741718,64.784332
1.864868,4.698883,64.711624
1.183472,4.709618,64.653244
0.523499,4.749023,64.5905
-0.205566,4.834476,64.53685
-0.992432,5.029213,64.468552
-1.621979,5.201927,64.421753
-2.308319,5.449097,64.368607
-2.994354,5.742134,64.312927
-3.60144,6.048058,64.255707
-4.188538,6.438301,64.200851
-4.753723,6.850052,64.161591
-5.224396,7.291595,64.138077
-5.700531,7.780441,64.124084
-6.106262,8.319771,64.130951
-6.482758,8.868496,64.168884
-6.828979,9.460175,64.21553
-7.138733,10.068787,64.276718
-7.405182,10.705845,64.355743
-7.658905,11.384724,64.448898
-7.881836,12.049545,64.55072
-8.047821,12.669876,64.661438
-8.232544,13.386349,64.797012
-8.403595,14.05764,64.935715
-8.546967,14.760246,65.098877
-8.685181,15.508308,65.241211
-8.769501,16.248123,65.414734
-8.822418,17.066109,65.638657
-8.841461,17.675117,65.804672
-8.809906,18.412415,66.052246
-8.739868,19.147324,66.333008
-8.645142,19.820164,66.603394
-8.472198,20.558846,66.938812
-8.308899,21.24366,67.285324
-8.102539,21.943344,67.654785
-7.887024,22.63707,68.045654
-7.615234,23.313789,68.452148
-7.326019,24.045324,68.888947
-6.993378,24.670721,69.317749
-6.638123,25.310289,69.778732
-6.276428,25.930527,70.236145
-5.886536,26.477554,70.690247
-5.471741,27.074289,71.179611
-4.958252,27.667824,71.739761
-4.493958,28.227541,72.28273
-4.07135,28.665611,72.739365
-3.66275,29.013649,73.161987
-3.207611,29.355455,73.597778
-2.765289,29.693993,74.048935
-2.285675,29.995384,74.523163
-1.828278,30.276985,75.015747
-1.382385,30.531059,75.46109
-0.873627,30.704613,75.934036
-0.422119,30.842882,76.365387
0.044769,30.948044,76.792908
0.508392,30.991982,77.200058
0.992615,31.000694,77.622498
1.395111,30.951653,77.973465
1.832855,30.865982,78.360764
2.323975,30.720161,78.785324
2.748871,30.532074,79.165848
3.136627,30.313828,79.522644
3.491791,30.083717,79.867233
3.879913,29.770914,80.265289
4.198242,29.456055,80.613281
4.526917,29.08815,81.00766
4.808777,28.700867,81.34729
5.095581,28.249001,81.706909
5.326965,27.765434,82.037125
5.563324,27.243591,82.366058
5.761383,26.736771,82.666916
5.954559,26.128664,82.982254
6.095825,25.579048,83.2565
6.223724,24.988174,83.526077
6.314697,24.365555,83.779129
6.381226,23.759399,84.03183
6.416687,23.125912,84.221619
6.392944,22.467243,84.411514
6.36145,21.779678,84.565918
6.288239,21.057606,84.68367
6.190155,20.358025,84.7771
6.080383,19.748295,84.834946
5.904846,19.043961,84.84169
5.712524,18.327011,84.814575
5.495361,17.627934,84.76239
5.251465,16.926041,84.68428
4.967896,16.22485,84.567963
4.672974,15.601074,84.436478
4.307709,14.896713,84.271317
4.004333,14.340771,84.089981
3.646881,13.782249,83.88327
3.288513,13.248528,83.65686
2.924744,12.703125,83.387726
2.509216,12.196491,83.071701
2.102264,11.719433,82.755402
1.641815,11.208336,82.358047
1.229675,10.821796,81.987427
0.845947,10.45034,81.636505
0.418091,10.044292,81.1866
0.046051,9.787643,80.803314
-0.328217,9.510303,80.401276
-0.64267,9.321938,80.011429
-1.010956,9.157967,79.585007
-1.338898,9.013451,79.174713
-1.644562,8.901108,78.74353
-1.965424,8.837688,78.315842
-2.247955,8.822884,77.901413
-2.517883,8.848564,77.450623
-2.759613,8.930634,77.071014
-2.946228,9.044937,76.720688
-3.170502,9.229267,76.334137
-3.317352,9.416924,76.028229
-3.40036,9.589027,75.73587
-3.560883,9.863613,75.4478
-3.671936,10.205715,75.163147
-3.800415,10.541832,74.915115
-3.884613,10.998177,74.65979
-3.96106,11.425655,74.423447
-3.989899,11.824928,74.237823
-3.991241,12.239799,74.096191
-3.958954,12.695934,73.953415
-3.931152,13.234558,73.814026
-3.854614,13.764111,73.716019
-3.777405,14.241753,73.629837
-3.652557,14.802147,73.56601
-3.545593,15.374863,73.514923
-3.398773,16.039993,73.475769
-3.258026,16.604721,73.466064
-3.046112,17.364418,73.474594
-2.930115,17.888824,73.486862
-2.799957,18.413017,73.53801
-2.677612,18.995426,73.614929
-2.537231,19.586491,73.702637
-2.415314,20.19426,73.803009
-2.269226,20.789383,73.936691
-2.145416,21.355259,74.087997
-2.033905,21.960938,74.260651
-1.92392,22.499836,74.444443
-1.832977,23.019157,74.641815
-1.760345,23.524321,74.867813
-1.688293,24.041496,75.129974
-1.616241,24.526669,75.382523
-1.550659,24.974167,75.638016
-1.516022,25.440132,75.899307
-1.468994,25.882706,76.181335
-1.425262,26.293076,76.469666
-1.424652,26.666004,76.745758
-1.430176,26.970041,77.004471
-1.449219,27.210527,77.228989
-1.499023,27.460434,77.481323
-1.574493,27.637001,77.712616
-1.676331,27.761436,77.900757
-1.865051,27.833261,78.105743
-1.993164,27.830513,78.19841
-2.19693,27.80151,78.261292
-2.384247,27.743286,78.288269
-2.635498,27.669731,78.242386
-2.931061,27.593119,78.139069
-3.225647,27.452866,77.908813
-3.513428,27.317787,77.59491
-3.817719,27.166542,77.10112
-4.141083,26.978615,76.347824
-4.398865,26.746119,75.446182
-4.604553,26.426125,74.263275
-4.838623,26.117601,72.906128
-4.928009,25.78952,71.433716
-4.943146,25.35639,69.679733
-4.93631,24.939432,67.745621
-4.872894,24.456394,65.386108
-4.710419,23.939014,63.174667
-4.553772,23.386703,60.358414
-4.294861,22.841442,57.421326
-3.863739,22.319172,54.114182
-3.376129,21.857525,50.285614
-2.745056,21.353699,45.558517
-2.25,21.069588,41.755661
-1.851837,20.850754,38.440186
-1.494568,20.606483,35.096695
-1.216614,20.461273,31.401505
-1.041534,20.385563,26.428375
-1.016724,20.360947,21.662392
-1.246277,20.502304,18.314514
-1.449371,20.630932,15.65181
-2.057312,20.97908,10.127899
-2.515045,21.285591,7.270676
-2.998779,21.59251,4.510223
-3.585938,21.914398,1.925262
-4.226624,22.244453,-0.574799
-4.888214,22.58073,-2.908813
-5.676544,22.915577,-5.12896
-6.450287,23.212231,-7.240524
-7.181885,23.456585,-9.056232
-8.012604,23.738457,-10.854931
-8.882477,24.023033,-12.527035
-9.586609,24.249947,-13.874264
-10.414948,24.536133,-15.248928
-11.24231,24.854469,-16.650021
-11.871887,25.090099,-17.605526
-12.594727,25.377155,-18.627544
-13.167053,25.621246,-19.468601
-13.923401,25.841499,-20.373493
NEW GESTURE,,
0.202354,0.915661,0.3473
-0.97842,0.204168,0.031784
-0.041804,-0.346237,0.937215
0.0,0.0,0.0
-0.007874,0.004639,0.007668
-0.020569,0.003445,0.014687
-0.026978,-0.007069,0.019203
-0.040375,-0.001442,0.030937
-0.075012,-0.006699,0.057137
-0.103882,0.001503,0.089241
-0.157318,0.027752,0.132545
-0.19986,0.056793,0.18264
-0.259033,0.098289,0.245491
-0.33551,0.141335,0.31472
-0.429718,0.200058,0.392387
-0.538269,0.277485,0.478508
-0.649567,0.345291,0.577705
-0.810547,0.447811,0.701393
-1.002899,0.571156,0.843697
-1.226227,0.72987,0.98806
-1.466461,0.902271,1.136497
-1.724396,1.095295,1.279152
-2.007599,1.318768,1.415215
-2.31012,1.584961,1.528908
-2.648163,1.918007,1.646904
-2.940338,2.236843,1.7631
-3.200226,2.538708,1.837044
-3.558716,3.023556,1.979637
-3.881348,3.46582,2.099388
-4.221832,3.981983,2.258278
-4.577789,4.57933,2.439445
-4.954559,5.35165,2.651436
-5.243042,6.028378,2.828651
-5.512543,6.867638,3.00547
-5.728973,7.616093,3.149452
-5.906677,8.439243,3.318291
-6.071106,9.382404,3.483498
-6.209137,10.422649,3.65818
-6.299011,11.518742,3.830299
-6.333679,12.599243,3.989708
-6.340637,13.77766,4.163582
-6.289978,14.920437,4.318672
-6.208801,16.077923,4.476982
-6.10202,17.245262,4.645454
-5.952881,18.459179,4.819237
-5.777679,19.708252,5.034019
-5.57135,21.092892,5.270805
-5.371033,22.191097,5.471901
-5.122528,23.455265,5.721184
-4.840759,24.679447,5.988579
-4.573456,25.826561,6.23365
-4.273468,27.01757,6.521355
-3.953369,28.214455,6.840782
-3.640442,29.292297,7.159569
-3.268677,30.488979,7.551888
-2.885834,31.658504,7.958946
-2.527344,32.626614,8.347282
-2.168823,33.516514,8.72715
-1.659485,34.559666,9.257729
-1.290924,35.264702,9.63073
-0.873657,35.948673,10.051476
-0.371094,36.666615,10.549278
0.13916,37.365505,11.052376
0.620087,37.902775,11.515465
1.161438,38.430527,12.032295
1.672241,38.859097,12.520386
2.221771,39.25996,13.028984
2.778778,39.587025,13.534462
3.343872,39.871624,14.048561
3.915161,40.072025,14.54528
4.550995,40.222569,15.080788
5.234253,40.294701,15.657433
5.777039,40.264324,16.099815
6.300354,40.206944,16.523399
6.898499,40.068684,17.007484
7.560913,39.85149,17.531075
8.113831,39.616344,17.959602
8.724609,39.31332,18.458328
9.331299,38.968472,18.91391
9.907227,38.598522,19.340981
10.488647,38.185528,19.784645
11.082947,37.702877,20.225441
11.666626,37.190193,20.656975
12.194763,36.666523,21.062553
12.767639,36.047337,21.480293
13.260498,35.468594,21.841637
13.736511,34.873234,22.187737
14.219604,34.188435,22.540062
14.664612,33.499496,22.875145
15.120361,32.758411,23.219513
15.546021,32.018398,23.541252
15.950562,31.274418,23.84893
16.322449,30.521969,24.169518
16.689087,29.760494,24.462166
17.026978,28.968075,24.749702
17.338989,28.196419,25.0485
17.647217,27.347591,25.352043
17.877869,26.610935,25.599785
18.118408,25.807537,25.870354
18.335022,25.028713,26.114311
18.560669,24.120857,26.374443
18.716064,23.420811,26.568703
18.869324,22.617687,26.781136
18.991272,21.827984,26.979027
19.100769,21.088772,27.170952
19.197876,20.363316,27.332436
19.292542,19.658447,27.478493
19.366943,18.944145,27.622566
19.417542,18.28233,27.748573
19.466003,17.620304,27.872581
19.490112,17.0033,27.98925
19.498718,16.411152,28.086769
19.490417,15.862957,28.175468
19.460144,15.316593,28.26696
19.411926,14.731205,28.325432
19.352478,14.2658,28.365196
19.283264,13.777054,28.383858
19.202148,13.276375,28.40229
19.102173,12.811604,28.406578
18.983948,12.342491,28.391914
18.838501,11.832657,28.383148
18.632385,11.346436,28.348457
18.41156,10.87804,28.302605
18.125916,10.286415,28.227669
17.827881,9.747841,28.13501
17.512695,9.21767,28.025764
17.117981,8.592308,27.897209
16.657593,7.960537,27.747215
16.154419,7.309284,27.574547
15.666382,6.757797,27.414665
15.066223,6.148888,27.233971
14.444214,5.578293,27.039726
13.725647,5.018688,26.812614
13.127625,4.591953,26.636208
12.438965,4.178501,26.437843
11.733276,3.810551,26.238182
10.948547,3.455963,26.031029
10.228943,3.179707,25.853859
9.488281,2.932728,25.693138
8.710144,2.753857,25.546051
7.906128,2.655506,25.426949
7.093872,2.586246,25.316025
6.427734,2.62344,25.241173
5.611145,2.73312,25.190514
4.928406,2.886765,25.152412
4.241272,3.092602,25.129158
3.595459,3.32885,25.134407
2.968048,3.601456,25.150566
2.338318,3.940239,25.188164
1.738922,4.336155,25.226341
1.171875,4.749084,25.280159
0.621643,5.221569,25.36097
0.121704,5.728809,25.454102
-0.343536,6.254269,25.579033
-0.825562,6.911861,25.734581
-1.24292,7.532459,25.890465
-1.660278,8.247334,26.089394
-1.979614,8.866871,26.270226
-2.335968,9.58411,26.497398
-2.657501,10.333588,26.761711
-2.926941,11048,27.010689
-3.171967,11.766102,27.270988
-3.360291,12.420025,27.522682
-3.533752,13.117577,27.792839
-3.701477,13.963509,28.152168
-3.814423,14.778316,28.508018
-3.882782,15.569557,28.866295
-3.96051,16.400387,29.277367
-3.998627,17.244221,29.710442
-4.021545,18.091991,30.169289
-4.010773,18.947411,30.665154
-3.970215,19.738449,31.139931
-3.913452,20.577587,31.645973
-3.810822,21.437878,32.174553
-3.685272,22.329723,32.731514
-3.516266,23.159935,33.271294
-3.33667,23.951187,33.799141
-3.131592,24.744549,34.361092
-2.908936,25.541222,34.950935
-2.684509,26.287701,35.516655
-2.425049,27.031925,36.100945
-2.12793,27.743557,36.691963
-1.817413,28.457417,37.324608
-1.509216,29.110062,37.922585
-1.151978,29.839251,38.621986
-0.838196,30.40073,39.198051
-0.505951,30.966602,39.788017
-0.197632,31.503536,40.375648
0.13916,32.007191,40.960701
0.457336,32.473125,41.508598
0.803589,32.909466,42.065315
1.207733,33.363865,42.72596
1.564026,33.756641,43.296532
1.904358,34.08765,43.83419
2.213074,34.307674,44.282967
2.542114,34.540813,44.761482
2.930786,34.740147,45.253624
3.302002,34.93124,45.751579
3.69519,35.055325,46.230324
4.074646,35.156322,46.681038
4.489197,35.206692,47.136406
4.869843,35.229691,47.538689
5.27536,35.201244,47.9533
5.681152,35.115284,48.33477
6.148193,34.968952,48.743523
6.510193,34.82597,49.018639
6.925171,34.622795,49.318733
7.390564,34.340443,49.622688
7.771545,34.066769,49.846214
8.207947,33.730412,50.096626
8.72052,33.264172,50.345055
9.131042,32.837872,50.549385
9.541321,32.362198,50.738258
10.018311,31.761684,50.94767
10.686707,30.770544,51.250175
10.99231,30.254719,51.385597
11.269409,29.785442,51.515465
11.578125,29.206825,51.653831
12.159424,27.867664,51.94001
12.368408,27.246679,52.053169
12.559265,26.555397,52.161705
12.732239,25.819614,52.272591
12.844482,25.076141,52.370842
12.923767,24.283852,52.460304
12.939087,23.606228,52.550636
12.941528,22.818699,52.647102
12.90448,22.030842,52.744377
12.818237,21.252205,52.833519
12.691345,20.514263,52.908546
12.514587,19.713535,52.993706
12.252747,18.853153,53.06913
12.017761,18.186916,53.124413
11.707703,17.420948,53.18586
11.318115,16.669647,53.229027
10.870544,15.912056,53.250847
10.484009,15.318275,53.257469
9.965942,14.601185,53.241386
9.492737,14.072742,53.222633
8.929565,13.47213,53.209785
8.422729,12.992001,53.19149
7.851135,12.523472,53.158958
7.242493,12.084782,53.125511
6.610229,11.706543,53.0821
5.975769,11.3549,53.017754
5.287842,11.031178,52.952492
4.667725,10.781506,52.873405
4.011719,10.56966,52.792137
3.296448,10.409992,52.685814
2.642731,10.285904,52.591927
1.945282,10.202934,52.492455
1.303741,10.154095,52.406746
0.670685,10.147213,52.300941
0.019653,10.202282,52.205742
-0.617462,10.308018,52.112831
-1.327057,10.513454,52.040535
-1.872711,10.68961,51.980583
-2.377136,10.910549,51.938301
-2.928528,11.178448,51.903969
-3.46106,11.508614,51.877769
-3.946838,11.875477,51.862236
-4.396454,12.284626,51.871895
-4.857452,12.751347,51.911186
-5.300995,13.258747,51.964317
-5.608917,13.687302,52.047371
-5.961151,14.232136,52.15255
-6.293457,14.826679,52.267326
-6.551788,15.390968,52.39991
-6.774384,16.020931,52.564781
-6.971497,16.688683,52.749901
-7.085907,17.32333,52.952202
-7.161835,18.065262,53.235512
-7.217041,18.780506,53.512978
-7.202637,19.510715,53.843742
-7.16156,20.250034,54.203377
-7.100128,21.080841,54.610542
-7.012848,21.901417,55.064873
-6.901428,22.605938,55.468758
-6.701721,23.351585,55.973213
-6.515503,24.115757,56.479515
-6.31189,24.900162,57.025139
-6.106781,25.743462,57.597237
-5.862732,26.507473,58.213036
-5.631683,27.194679,58.778633
-5.390106,27.883339,59.37014
-5.137787,28.604486,60.027794
-4.839844,29.354095,60.73777
-4.578125,29.998508,61.370125
-4.296814,30.618038,62.025246
-3.993469,31.302944,62.755287
-3.748779,31.850454,63.395882
-3.422485,32.464149,64.168312
-3.142395,33.02747,64.852913
-2.813385,33.589024,65.593193
-2.51593,34.057964,66.236382
-2.202789,34.51746,66.914864
-1.896606,34.938946,67.570259
-1.551727,35.362629,68.280678
-1.248322,35.732082,68.923485
-0.965393,36.023502,69.504539
-0.70697,36.23576,69.988411
-0.394104,36.48341,70.603691
-0.070007,36.681458,71.220909
0.211975,36.801373,71.739021
0.488647,36.906139,72.263878
0.738312,36.959141,72.768776
1.028564,36.926807,73.26165
1.277832,36.90337,73.714546
1.505371,36.802929,74.177803
1.800232,36.624966,74.693733
2.014221,36.484943,75.098061
2.213013,36.270489,75.53318
2.412262,36.032291,75.955574
2.62146,35.79401,76.406212
2.793976,35.508671,76.812248
2.99704,35.174282,77.220512
3.201813,34.842327,77.5839
3.442657,34.423969,77.913383
3.669342,33.990154,78.206184
3.896362,33.534801,78.434151
4.166565,32.961887,78.653587
4.388519,32.419727,78.803169
4.60849,31.853603,78.959389
4.798828,31.219328,79.078087
4.990448,30.50462,79.179131
5.231323,29.457809,79.325188
5.353638,28.811611,79.4002
5.476929,28.00988,79.453392
5.568237,27.243042,79.524162
5.623779,26.474741,79.569221
5.676758,25.710213,79.610725
5.707153,24.880898,79.635719
5.706482,23.99876,79.64547
5.702454,23.156384,79.639183
5.669373,22.262871,79.616997
5.600281,21.310951,79.580986
5.51825,20.44672,79.539497
5.422363,19.62048,79.496544
5.280945,18.766033,79.439903
5.096863,17.727619,79.359688
4.944824,16.969563,79.301186
4.690155,16.151886,79.227119
4.50354,15.491131,79.153542
4.291534,14.854839,79.090843
4.002258,14.157581,79.010445
3.69696,13.4151,78.920418
3.375366,12.701256,78.83799
3.018158,12.027168,78.74485
2.636322,11.341656,78.633873
2.238586,10.688877,78.513145
1.804047,10.074284,78.37751
1.366394,9.423786,78.20768
0.898987,8.826614,78.038475
0.421936,8.295776,77.862816
-0.016663,7.783646,77.684303
-0.493866,7.283413,77.519005
-0.996002,6.863216,77.350334
-1.544861,6.387867,77.156776
-1.937836,6.002083,77.040627
-2.469788,5.715679,76.897179
-2.961487,5.402142,76.748299
-3.4758,5.177216,76.62693
-4.04129,5.016224,76514
-4.616425,4.836201,76.394722
-5.075256,4.724884,76.32003
-5.589813,4.659515,76.249687
-6.11615,4.653431,76.185417
-6.617249,4.66544,76.137062
-7.121765,4.72961,76.092949
-7.592957,4.785992,76.047279
-8.081299,4.869026,76.010826
-8.626984,5.011898,75.957649
-9.07547,5.146641,75.904289
-9.571442,5.326344,75.835945
-10.056061,5.539227,75.762077
-10.430145,5.720547,75.679344
-10.856598,5.968838,75.612282
-11.26828,6.250668,75.54586
-11.644287,6.537628,75.494316
-11.996826,6.821819,75.445503
-12.35614,7.157352,75.380913
-12.752045,7.534149,75.314644
-13.1008,7.917858,75.235573
-13.411194,8.29504,75.17115
-13.729736,8.719601,75.09597
-13.999115,9.152634,75.045418
-14.199554,9.565929,75.013161
-14.444824,10.070812,75.02021
-14.675995,10.656857,75.029152
-14.820007,11.105423,75.059578
-14.989441,11.699978,75.109077
-15.104187,12.314869,75.170723
-15.171417,12.909187,75.246361
-15.218842,13.512802,75.340996
-15.234375,14.16927,75.463356
-15.229095,14.815189,75.605934
-15.210297,15.585354,75.797646
-15.116699,16.335213,76.033226
-15.034973,16.981655,76.247505
-14.947998,17.741394,76.525963
-14.802277,18.512875,76.812599
-14.640839,19.253891,77.125053
-14.437592,20.000614,77.452354
-14.248138,20.778553,77.776604
-14.072449,21.513939,78.11187
-13.822449,22.269535,78.467552
-13.538971,23.016811,78.814278
-13.194916,23.710575,79.152565
-12.892822,24.532665,79.516365
-12.552673,25.256252,79.839409
-12.260498,25.950279,80.149178
-11.960327,26.691879,80.484062
-11.601959,27.396658,80.84864
-11.22702,28.085482,81.244804
-10.934784,28.650295,81.572853
-10.598236,29.23819,81.927589
-10.280548,29.834583,82.293968
-9.963165,30.397549,82.633842
-9.653595,30.872753,82.94175
-9.311554,31.354633,83.283821
-8.979004,31.839338,83.61721
-8.689819,32.224712,83.898643
-8.393188,32.595558,84.202019
-8.098572,32.933781,84.505501
-7.800018,33.240665,84.820915
-7.514862,33.49435,85.131905
-7.263123,33.76379,85.43679
-7.000122,33.971371,85.743111
-6.749725,34.154301,86.070381
-6.506287,34.312305,86.380821
-6.255127,34.443035,86.708885
-5.991058,34.548264,87.053413
-5.745178,34.610855,87.370461
-5.47757,34.655262,87.732033
-5.262329,34.65765,88.022987
-5.037415,34.665108,88.329796
-4.798431,34.607738,88.658516
-4.590332,34.534542,88.99688
-4.369812,34.427197,89.317924
-4.167328,34.279919,89.657768
-3.949982,34.08189,90.079964
-3.754364,33.836803,90.471443
-3.574005,33.543591,90.859749
-3.354889,33.113075,91.331871
-3.211456,32.768932,91.635567
-3.048645,32.371922,91.959267
-2.927704,32.003269,92.238152
-2.822479,31.605511,92.51992
-2.766388,31.191715,92.795494
-2.695557,30.754841,93.067802
-2.642029,30.200794,93.367607
-2.596649,29.699591,93.624382
-2.567657,29.09621,93.90377
-2.571503,28.518295,94.176048
-2.617401,27.908983,94.45179
-2.653168,27.171886,94.76577
-2.705292,26.477018,95.035378
-2.781586,25.784386,95.300972
-2.86972,25.166096,95.531853
-2.957428,24.494457,95.760445
-3.082916,23.807777,95.983162
-3.185883,23.160625,96.17466
-3.299805,22.449329,96.363579
-3.431458,21.779633,96.485085
-3.548645,21.091461,96.61692
-3.690033,20.375359,96.74662
-3.858551,19.75713,96.828331
-4.013519,19.062748,96.915703
-4.205933,18.372345,96.983086
-4.403198,17.700649,97.028069
-4.618591,17.052868,97.064888
-4.919525,16.348946,97.109642
-5.202393,15.794708,97.119102
-5.535095,15.162258,97.127785
-5.918549,14.568295,97.134026
-6.319733,14.006042,97.100426
-6.728271,13.424725,97.050484
-7.238251,12.852596,96.980339
-7.672272,12.430874,96.882378
-8.20517,11.939312,96.76815
-8.659302,11.554699,96.66201
-9.156616,11.218788,96.52578
-9.647675,10.913326,96.391151
-10.244965,10.636189,96.227989
-10.816711,10.435486,96.022194
-11.371429,10.265804,95.792519
-12.031158,10.172092,95.445518
-12.422729,10.154236,95.194878
-12.795837,10.218479,94.929893
-13.128906,10.316338,94.623024
-13.424072,10.450771,94.293724
-13.674866,10.628845,93.935768
-13.897797,10.884392,93.506325
-14.09964,11.104683,93.087807
-14.229919,11.330154,92.557487
-14.347107,11.629917,91.943565
-14.401886,11.919643,91.231972
-14.303772,12.165619,90.44297
-14.223541,12.449306,89.579689
-14.120667,12.760929,88.646233
-13.925476,13.067978,87.567284
-13.640167,13.364292,86.352592
-13.355774,13.714481,85.138939
-13.05365,14.112514,83.764351
-12.544678,14.386059,82.243782
-12.126526,14.78318,80.739296
-11.612091,15.143433,78.933495
-10.847839,15.253693,77.081764
-10.159058,15.570881,75.035393
-9.476288,15.86845,72.989265
-8.666382,16.099857,70.791878
-7.840057,16.387131,68.480736
-7.00296,16.677479,66.149391
-6.118378,16.993214,63.686272
-5.218811,17.347256,61.148293
-4.292603,17.66,58.557808
-3.325378,17.970585,55.774574
-2.320587,18.347385,52.67231
-1.473175,18.646862,49.874596
-0.56073,18.993992,46.661705
0.124939,19.261639,43.944466
0.89505,19.557716,40.81826
1.581604,19.825127,37.492119
2.084198,20.066029,34.438789
2.48291,20.330849,31.369408
2.799591,20.587337,28.222099
3.024628,20.85059,25.151726
3.161987,21.083477,22.074715
3.176941,21.332561,19.065147
3.118408,21.544994,16.145332
2.933258,21.736969,13.32975
2.676147,21.912884,10.561134
2.40448,22.044708,7.914284
1.973755,22.214546,5.323845
1.468628,22.371876,2.877815
0.948975,22.521473,0.538353
0.327667,22.664227,-1.723503
-0.273682,22.780838,-3.792442
-0.896393,22.935104,-5.790199
-1.599701,23.090946,-7.708656
-2.328033,23.246635,-9.55938
-3.090393,23.418606,-11.357994
-3.752319,23.527527,-12.863518
-4.43515,23.610725,-14.271568
-5.085327,23.688473,-15.61898
-5.873779,23.803307,-16.99316
